graph,n,lambda2,mean_fixation,std,success,censored,trials,max_steps,graph_seed,simulation_seed,diameter,avg_path,degree_var,kirchhoff
cycle,20,0.0978869674096924,203.446,507.48156132415295,500,0,500,50000,2996666074781667871,3365139815746586446,10,5.2631578947368425,0.0,664.999999999998
cycle,30,0.04370479853238861,353.37,1091.5525223735226,500,0,500,50000,2997328137403568682,6284459144103445823,15,7.758620689655173,0.0,2247.4999999999955
cycle,50,0.01577059737104403,1104.51,3785.1701295846665,500,0,500,50000,2998652262647370304,2899725763962388769,25,12.755102040816327,0.0,10412.499999999744
cycle,80,0.006165332533743146,1296.4308943089432,4532.72080629571,492,8,500,50000,3000638450513072737,2434311712178191092,40,20.253164556962027,0.0,42659.99999999999
cycle,120,0.0027409304908514297,1241.476482617587,3543.350424822108,489,11,500,50000,5096171891862687594,2180467724444633343,60,30.252100840336134,0.0,143989.99999999878
complete,20,19.999999999999975,70.504,126.16526456992827,500,0,500,50000,926106103957212038,2088070758483099027,1,1.0,0.0,18.999999999999996
complete,30,29.99999999999994,112.752,225.32119850560002,500,0,500,50000,926768166579112849,5007390086839958404,1,1.0,0.0,29.000000000000007
complete,50,49.99999999999991,161.23,376.4681515081986,500,0,500,50000,928092291822914471,1622656706698901350,1,1.0,0.0,49.00000000000001
complete,80,79.99999999999984,395.85,1131.5081438063096,500,0,500,50000,930078479688616904,1157242654914703673,1,1.0,0.0,78.99999999999999
complete,120,119.99999999999972,629.134,2087.0226122502845,500,0,500,50000,1330604782647471903,905117886313745998,1,1.0,0.0,119.0
erdos_renyi,20,0.7294826126870265,143.934,281.3626799062022,500,0,500,50000,4141533158677477510,7172764869691651219,4,2.1894736842105265,2.69,146.80488599973677
erdos_renyi,30,0.8363805361376829,277.242,696.7733572948954,500,0,500,50000,4142195221299378321,868712161193734788,4,2.1517241379310343,4.795555555555556,251.50629902337184
erdos_renyi,50,3.1188105575105007,269.646,724.6300605715994,500,0,500,50000,4143519346543179943,6707350817907453542,3,1.9257142857142857,7.4624,296.6277870745891
erdos_renyi,80,4.174459605650615,512.904,1518.4610771382977,500,0,500,50000,4145505534408882376,6241936766123255865,3,1.8727848101265823,15.922500000000003,491.2150846139418
erdos_renyi,120,12.792452871694545,754.07,3057.702433053288,500,0,500,50000,7499807292537337375,2917259801090224974,3,1.7984593837535015,18.643055555555556,621.3430679534086
path,20,0.024623318809724182,373.59,1062.364303758367,500,0,500,50000,6165732969286420090,974820800279262511,19,7.0,0.09,1330.0000000000127
path,30,0.010956209263453573,623.372,2528.5488125832176,500,0,500,50000,6166395031908320901,3894140128636121888,29,10.333333333333334,0.06222222222222223,4494.999999999935
path,50,0.003946543143456002,1406.0666666666666,5381.970198146528,495,5,500,50000,6167719157152122523,509406748495064834,49,17.0,0.03840000000000001,20825.000000002838
path,80,0.0015419275185532104,1228.0162601626016,4755.649201634189,492,8,500,50000,6169705345017824956,43992696710867157,79,27.0,0.024375,85320.00000003239
path,120,0.000685350048885151,1440.0961145194274,4437.161221143361,489,11,500,50000,5192193413520316923,2643325951287575330,119,40.333333333333336,0.016388888888888894,287980.0000000749
star,20,0.9999999999999991,1317.874,2341.974913214059,500,0,500,50000,2136788350599105217,7808878107868573204,2,1.9,15.390000000000004,361.0
star,30,0.9999999999999982,3252.212121212121,6685.860899021546,495,5,500,50000,2137450413221006028,1504825399370656773,2,1.9333333333333333,25.262222222222213,841.0000000000002
star,50,0.9999999999999964,4918.710300429185,7706.08403610024,466,34,500,50000,2138774538464807650,7343464056084375527,2,1.96,45.15840000000001,2401.0000000000005
star,80,0.9999999999999974,9468.049773755656,11556.964541122483,442,58,500,50000,2140760726330510083,6878050004300177850,2,1.975,75.09937500000005,6241.000000000003
star,120,0.9999999999999968,12776.594240837696,12096.20354596482,382,118,500,50000,3132654466204289616,3237745670574022737,2,1.9833333333333334,115.06638888888888,14161.000000000004
barbell,20,0.16904810515470134,196.37,598.2758637117162,500,0,500,50000,4260778908903524983,2457142467703152342,3,1.9473684210526316,0.09000000000000001,153.99999999999872
barbell,30,0.11847269287989243,392.55,1716.5082369449908,500,0,500,50000,4261440971525425794,5376461796060011719,3,1.9655172413793103,0.06222222222222222,309.0000000000053
barbell,50,0.07427841790245196,677.8218623481781,3294.288203828926,494,6,500,50000,4262765096769227416,1991728415918954665,3,1.9795918367346939,0.0384,768.9999999999621
barbell,80,0.04767316024301412,501.9595141700405,3049.325493608748,494,6,500,50000,4264751284634929849,1526314364134756988,3,1.9873417721518987,0.024374999999999994,1834.0000000008072
barbell,120,0.03227486559595551,442.3931451612903,1782.4037425581414,496,4,500,50000,4674256498440004722,3136651609866851223,3,1.9915966386554622,0.016388888888888883,3953.999999999989
